{"cameraMode":{"drawMode":0,"name":"Shaded","section":"Shading Mode"},"sceneLighting":true,"audioPlay":false,"sceneViewState":{"m_AlwaysRefresh":false,"showFog":true,"showSkybox":true,"showFlares":true,"showImageEffects":true,"showParticleSystems":true,"showVisualEffectGraphs":true,"m_FxEnabled":true},"in2DMode":false,"pivot":{"x":-0.00568699836730957,"y":0.9013767838478088,"z":-0.08185533434152603},"rotation":{"x":0.10855434834957123,"y":-0.712857186794281,"z":0.11321370303630829,"w":0.6835285425186157},"size":1.1064338684082032,"orthographic":false}