{"cameraMode":{"drawMode":0,"name":"Shaded","section":"Shading Mode"},"sceneLighting":true,"audioPlay":false,"sceneViewState":{"m_AlwaysRefresh":false,"showFog":true,"showSkybox":true,"showFlares":true,"showImageEffects":true,"showParticleSystems":true,"showVisualEffectGraphs":true,"m_FxEnabled":true},"in2DMode":false,"pivot":{"x":-1.1923975944519044,"y":1.6295615434646607,"z":3.207623243331909},"rotation":{"x":0.007198441307991743,"y":-0.7279581427574158,"z":0.007643844932317734,"w":0.6855407357215881},"size":4.470824718475342,"orthographic":false}