{"cameraMode":{"drawMode":0,"name":"Shaded","section":"Shading Mode"},"sceneLighting":false,"audioPlay":false,"sceneViewState":{"m_AlwaysRefresh":false,"showFog":true,"showSkybox":false,"showFlares":true,"showImageEffects":true,"showParticleSystems":true,"showVisualEffectGraphs":true,"m_FxEnabled":true},"in2DMode":false,"pivot":{"x":-3.1541380882263185,"y":2.8856706619262697,"z":-10.245559692382813},"rotation":{"x":0.1961086243391037,"y":0.5190126895904541,"z":-0.12371588498353958,"w":0.8227192163467407},"size":3.4411983489990236,"orthographic":false}