{"cameraMode":{"drawMode":0,"name":"Shaded","section":"Shading Mode"},"sceneLighting":false,"audioPlay":false,"sceneViewState":{"m_AlwaysRefresh":false,"showFog":true,"showSkybox":false,"showFlares":true,"showImageEffects":true,"showParticleSystems":true,"showVisualEffectGraphs":true,"m_FxEnabled":true},"in2DMode":false,"pivot":{"x":-5.368417263031006,"y":2.4777474403381349,"z":-9.398872375488282},"rotation":{"x":0.41079169511795046,"y":0.06582064181566239,"z":-0.029753034934401513,"w":0.9088701605796814},"size":3.4411983489990236,"orthographic":false}